{"MasterVoume":0.6927682161331177,"BgmVolume":0.2733982801437378,"SfxVolume":0.6969819664955139}