{"MasterVoume":0.45041948556900027,"BgmVolume":0.16663993895053864,"SfxVolume":0.6969819664955139}