{"MasterVoume":0.1983625292778015,"BgmVolume":0.108601875603199,"SfxVolume":0.42012396454811098}