{"MasterVoume":0.6222313642501831,"BgmVolume":0.38931986689567568,"SfxVolume":0.7054142355918884}