{"MasterVoume":0.6602555513381958,"BgmVolume":0.6263334155082703,"SfxVolume":1.0}