{"MasterVoume":1.0,"BgmVolume":0.0004392287228256464,"SfxVolume":0.995232343673706}