{"MasterVoume":0.5593647956848145,"BgmVolume":0.25937068462371828,"SfxVolume":0.42012396454811098}