{"MasterVoume":0.6927682161331177,"BgmVolume":0.168044775724411,"SfxVolume":0.6969819664955139}