{"MasterVoume":1.0,"BgmVolume":0.6735613942146301,"SfxVolume":0.7007116675376892}